Date,Open,High,Low,Close,Volume
2018-12-28,10000,10000,10000,10000,0
2019-01-02,10105.16,10105.16,10105.16,10105.16,0
2019-01-03,9901.62,9901.62,9901.62,9901.62,0
2019-01-04,10042.75,10042.75,10042.75,10042.75,0
2019-01-07,10221.47,10221.47,10221.47,10221.47,0
2019-01-08,10209.45,10209.45,10209.45,10209.45,0
2019-01-09,10281.4,10281.4,10281.4,10281.4,0
2019-01-10,10258.17,10258.17,10258.17,10258.17,0
2019-01-11,10278.43,10278.43,10278.43,10278.43,0
2019-01-14,10232.01,10232.01,10232.01,10232.01,0
2019-01-15,10289.02,10289.02,10289.02,10289.02,0
2019-01-16,10390.47,10390.47,10390.47,10390.47,0
2019-01-17,10375.77,10375.77,10375.77,10375.77,0
2019-01-18,10450.85,10450.85,10450.85,10450.85,0
2019-01-21,10370.38,10370.38,10370.38,10370.38,0
2019-01-22,10349.43,10349.43,10349.43,10349.43,0
2019-01-23,10549.28,10549.28,10549.28,10549.28,0
2019-01-24,10558.53,10558.53,10558.53,10558.53,0
2019-01-25,10526.05,10526.05,10526.05,10526.05,0
2019-01-28,10429.47,10429.47,10429.47,10429.47,0
2019-01-29,10429,10429,10429,10429,0
2019-01-30,10343.05,10343.05,10343.05,10343.05,0
2019-01-31,10447.82,10447.82,10447.82,10447.82,0
2019-02-01,10496.59,10496.59,10496.59,10496.59,0
2019-02-04,10485.43,10485.43,10485.43,10485.43,0
2019-02-05,10575.6,10575.6,10575.6,10575.6,0
2019-02-06,10606.61,10606.61,10606.61,10606.61,0
2019-02-07,10444.04,10444.04,10444.04,10444.04,0
2019-02-08,10415.34,10415.34,10415.34,10415.34,0
2019-02-11,10399.59,10399.59,10399.59,10399.59,0
2019-02-12,10452.87,10452.87,10452.87,10452.87,0
2019-02-13,10343.12,10343.12,10343.12,10343.12,0
2019-02-14,10226.44,10226.44,10226.44,10226.44,0
2019-02-15,10306.81,10306.81,10306.81,10306.81,0
2019-02-18,10272.06,10272.06,10272.06,10272.06,0
2019-02-19,10254.58,10254.58,10254.58,10254.58,0
2019-02-20,10411.74,10411.74,10411.74,10411.74,0
2019-02-21,10330.09,10330.09,10330.09,10330.09,0
2019-02-22,10394.39,10394.39,10394.39,10394.39,0
2019-02-25,10480.5,10480.5,10480.5,10480.5,0
2019-02-26,10449.79,10449.79,10449.79,10449.79,0
2019-02-27,10339.67,10339.67,10339.67,10339.67,0
2019-02-28,10321.72,10321.72,10321.72,10321.72,0
2019-03-01,10360.7,10360.7,10360.7,10360.7,0
2019-03-04,10329.52,10329.52,10329.52,10329.52,0
2019-03-05,10300.17,10300.17,10300.17,10300.17,0
2019-03-06,10344.69,10344.69,10344.69,10344.69,0
2019-03-07,10283.39,10283.39,10283.39,10283.39,0
2019-03-08,10233.98,10233.98,10233.98,10233.98,0
2019-03-11,10244.24,10244.24,10244.24,10244.24,0
2019-03-12,10286.27,10286.27,10286.27,10286.27,0
2019-03-13,10340.62,10340.62,10340.62,10340.62,0
2019-03-14,10359.82,10359.82,10359.82,10359.82,0
2019-03-15,10500.99,10500.99,10500.99,10500.99,0
2019-03-18,10506.06,10506.06,10506.06,10506.06,0
2019-03-19,10521.92,10521.92,10521.92,10521.92,0
2019-03-20,10521.7,10521.7,10521.7,10521.7,0
2019-03-21,10550.32,10550.32,10550.32,10550.32,0
2019-03-22,10392.42,10392.42,10392.42,10392.42,0
2019-03-25,10334.85,10334.85,10334.85,10334.85,0
2019-03-26,10382.95,10382.95,10382.95,10382.95,0
2019-03-27,10349.19,10349.19,10349.19,10349.19,0
2019-03-28,10331.31,10331.31,10331.31,10331.31,0
2019-03-29,10319.97,10319.97,10319.97,10319.97,0
2019-04-01,10428.89,10428.89,10428.89,10428.89,0
2019-04-02,10581.92,10581.92,10581.92,10581.92,0
2019-04-03,10733.11,10733.11,10733.11,10733.11,0
2019-04-04,10657.98,10657.98,10657.98,10657.98,0
2019-04-05,10517.67,10517.67,10517.67,10517.67,0
2019-04-08,10544.85,10544.85,10544.85,10544.85,0
2019-04-09,10583.74,10583.74,10583.74,10583.74,0
2019-04-10,10673.1,10673.1,10673.1,10673.1,0
2019-04-11,10600.81,10600.81,10600.81,10600.81,0
2019-04-12,10556.77,10556.77,10556.77,10556.77,0
2019-04-15,10530.38,10530.38,10530.38,10530.38,0
2019-04-16,10575.62,10575.62,10575.62,10575.62,0
2019-04-17,10600.6,10600.6,10600.6,10600.6,0
2019-04-18,10559.87,10559.87,10559.87,10559.87,0
2019-04-23,10559.2,10559.2,10559.2,10559.2,0
2019-04-24,10569.36,10569.36,10569.36,10569.36,0
2019-04-25,10519.32,10519.32,10519.32,10519.32,0
2019-04-26,10587.13,10587.13,10587.13,10587.13,0
2019-04-29,10560.03,10560.03,10560.03,10560.03,0
2019-04-30,10429.11,10429.11,10429.11,10429.11,0
2019-05-02,10353.51,10353.51,10353.51,10353.51,0
2019-05-06,10238.27,10238.27,10238.27,10238.27,0
2019-05-07,10017.12,10017.12,10017.12,10017.12,0
2019-05-08,9956.73,9956.73,9956.73,9956.73,0
2019-05-09,9799.32,9799.32,9799.32,9799.32,0
2019-05-10,9843.01,9843.01,9843.01,9843.01,0
2019-05-13,9748.33,9748.33,9748.33,9748.33,0
2019-05-14,9710.06,9710.06,9710.06,9710.06,0
2019-05-15,9734.47,9734.47,9734.47,9734.47,0
2019-05-16,9771.2,9771.2,9771.2,9771.2,0
2019-05-17,9753.79,9753.79,9753.79,9753.79,0
2019-05-20,9718.35,9718.35,9718.35,9718.35,0
2019-05-21,9818.96,9818.96,9818.96,9818.96,0
2019-05-22,9923.74,9923.74,9923.74,9923.74,0
2019-05-23,9746.07,9746.07,9746.07,9746.07,0
2019-05-24,9806.25,9806.25,9806.25,9806.25,0
2019-05-27,9815.33,9815.33,9815.33,9815.33,0
2019-05-28,9830.9,9830.9,9830.9,9830.9,0
2019-05-29,9830.31,9830.31,9830.31,9830.31,0
2019-05-30,9964.97,9964.97,9964.97,9964.97,0
2019-05-31,10015.61,10015.61,10015.61,10015.61,0
2019-06-03,10003.76,10003.76,10003.76,10003.76,0
2019-06-04,9991.6,9991.6,9991.6,9991.6,0
2019-06-05,9962.32,9962.32,9962.32,9962.32,0
2019-06-06,10112.44,10112.44,10112.44,10112.44,0
2019-06-07,10211.22,10211.22,10211.22,10211.22,0
2019-06-10,10212.02,10212.02,10212.02,10212.02,0
2019-06-11,10265.94,10265.94,10265.94,10265.94,0
2019-06-12,10217.79,10217.79,10217.79,10217.79,0
2019-06-13,10309.54,10309.54,10309.54,10309.54,0
2019-06-14,10258.11,10258.11,10258.11,10258.11,0
2019-06-17,10212.95,10212.95,10212.95,10212.95,0
2019-06-18,10417.3,10417.3,10417.3,10417.3,0
2019-06-19,10390.9,10390.9,10390.9,10390.9,0
2019-06-21,10327.64,10327.64,10327.64,10327.64,0
2019-06-24,10436.06,10436.06,10436.06,10436.06,0
2019-06-25,10334.01,10334.01,10334.01,10334.01,0
2019-06-26,10396.69,10396.69,10396.69,10396.69,0
2019-06-27,10469.5,10469.5,10469.5,10469.5,0
2019-06-28,10443.7,10443.7,10443.7,10443.7,0
2019-07-01,10466.97,10466.97,10466.97,10466.97,0
2019-07-02,10517.77,10517.77,10517.77,10517.77,0
2019-07-03,10534.71,10534.71,10534.71,10534.71,0
2019-07-04,10565.51,10565.51,10565.51,10565.51,0
2019-07-05,10512.73,10512.73,10512.73,10512.73,0
2019-07-08,10512.25,10512.25,10512.25,10512.25,0
2019-07-09,10441.4,10441.4,10441.4,10441.4,0
2019-07-10,10441.2,10441.2,10441.2,10441.2,0
2019-07-11,10458.32,10458.32,10458.32,10458.32,0
2019-07-12,10445.04,10445.04,10445.04,10445.04,0
2019-07-15,10482.58,10482.58,10482.58,10482.58,0
2019-07-16,10455.08,10455.08,10455.08,10455.08,0
2019-07-17,10387.69,10387.69,10387.69,10387.69,0
2019-07-18,10426.3,10426.3,10426.3,10426.3,0
2019-07-19,10542,10542,10542,10542,0
2019-07-22,10545.41,10545.41,10545.41,10545.41,0
2019-07-23,10506.76,10506.76,10506.76,10506.76,0
2019-07-24,10510.44,10510.44,10510.44,10510.44,0
2019-07-25,10406.06,10406.06,10406.06,10406.06,0
2019-07-26,10386.18,10386.18,10386.18,10386.18,0
2019-07-29,10308.38,10308.38,10308.38,10308.38,0
2019-07-30,10264.88,10264.88,10264.88,10264.88,0
2019-07-31,10297.85,10297.85,10297.85,10297.85,0
2019-08-01,10149.71,10149.71,10149.71,10149.71,0
2019-08-02,10061.34,10061.34,10061.34,10061.34,0
2019-08-05,9843.83,9843.83,9843.83,9843.83,0
2019-08-06,9834.67,9834.67,9834.67,9834.67,0
2019-08-07,9761.72,9761.72,9761.72,9761.72,0
2019-08-08,9842.4,9842.4,9842.4,9842.4,0
2019-08-09,9701.49,9701.49,9701.49,9701.49,0
2019-08-12,9629.14,9629.14,9629.14,9629.14,0
2019-08-13,9829.7,9829.7,9829.7,9829.7,0
2019-08-14,9569.18,9569.18,9569.18,9569.18,0
2019-08-16,9497.63,9497.63,9497.63,9497.63,0
2019-08-19,9650.44,9650.44,9650.44,9650.44,0
2019-08-20,9693.82,9693.82,9693.82,9693.82,0
2019-08-21,9674.3,9674.3,9674.3,9674.3,0
2019-08-22,9682.64,9682.64,9682.64,9682.64,0
2019-08-23,9666.76,9666.76,9666.76,9666.76,0
2019-08-26,9649.03,9649.03,9649.03,9649.03,0
2019-08-27,9642.69,9642.69,9642.69,9642.69,0
2019-08-28,9435.89,9435.89,9435.89,9435.89,0
2019-08-29,9519.25,9519.25,9519.25,9519.25,0
2019-08-30,9790.32,9790.32,9790.32,9790.32,0
2019-09-02,9831.36,9831.36,9831.36,9831.36,0
2019-09-03,9806.48,9806.48,9653.46,9698.52,0
2019-09-04,9754.15,9821.54,9686.06,9686.95,0
2019-09-05,9736.54,9768.29,9643.36,9709.96,31484356
2019-09-06,9721.91,9781.76,9696.71,9750.95,22873176
2019-09-09,9763.68,9946.55,9759.37,9946.55,46435039
2019-09-10,9956.7,9998.55,9931.09,9973.58,40839155
2019-09-11,10002.69,10050.61,9953.8,9983.36,30313270
2019-09-12,10028.22,10053.92,9927.8,9986.4,29963045
2019-09-13,9983.8,10064.48,9983.8,10027.93,21056352
2019-09-16,10000.87,10103.44,9975.47,10103.44,0
2019-09-17,10082.04,10082.04,9965.78,10004.64,46708202
2019-09-18,10009.49,10060.35,9990.58,10055.9,55721294
2019-09-19,10030.5,10030.5,9977.93,10004.38,56013909
2019-09-20,10012.61,10028.3,9853.53,9885.93,79029596
2019-09-23,9880.48,9887.16,9758.01,9785.27,37338101
2019-09-24,9819.44,9922.03,9800.61,9893.2,36096047
2019-09-25,9843.45,9843.45,9770.56,9832.14,31306452
2019-09-26,9836.48,9901.55,9827.71,9892.27,29348918
2019-09-27,9911.55,9966.93,9876.57,9953.4,19664462
2019-09-30,9959.56,9959.56,9847.73,9886.63,24777687
2019-10-01,9869.66,9896.29,9785.4,9797.23,24314030
2019-10-02,9734.42,9767.39,9571.49,9573.04,24375218
2019-10-03,9540.83,9705,9467.86,9545.79,37678772
2019-10-04,9573.15,9650.67,9573.15,9623.34,27055784
2019-10-07,9651.89,9651.89,9577.46,9624.65,19114095
2019-10-08,9651.55,9673.2,9594.04,9667.64,25936124
2019-10-09,9667.62,9696.82,9644.59,9668.65,22536663
2019-10-10,9678.74,9681.22,9598.95,9623.68,24616251
2019-10-11,9660.44,9790.82,9636.71,9788.2,21839066
2019-10-14,9792.87,9801.3,9716.56,9747.85,22620353
2019-10-15,9793.63,9794.66,9742.13,9767.78,27420872
2019-10-16,9766.94,9821.26,9762.66,9784.25,27277452
2019-10-17,9783.55,9890.25,9779.23,9865.15,24888323
2019-10-18,9835.46,9835.46,9768.96,9806,27945676
2019-10-21,9794.79,9873.54,9794.79,9868.45,22086621
2019-10-22,9878.53,9982.59,9846.88,9979.05,30513388
2019-10-23,9959.1,9982.3,9932.95,9974.58,17335613
2019-10-24,9998.45,10013.14,9941.11,9994.42,23414544
2019-10-25,9991.75,9991.75,9855.56,9864.46,25678823
2019-10-28,9872.96,10014.13,9872.96,10010.41,22217462
2019-10-29,10020.93,10068.67,9987.37,10068.67,32215280
2019-10-30,10073.88,10084.13,10043.2,10072.84,22630897
2019-10-31,10106.81,10106.81,9931.83,9953.07,30451640
2019-11-04,10045.25,10225.42,10038.68,10225.42,36630981
2019-11-05,10226.84,10275.62,10203.25,10251.6,33678009
2019-11-06,10220.69,10248.74,10185.05,10185.05,26491350
2019-11-07,10234.78,10265.01,10222.63,10239.48,32207464
2019-11-08,10217.71,10221.54,10161.66,10174.02,39580312
2019-11-12,10184.51,10238.03,10157.34,10170.1,35762558
2019-11-13,10177.92,10177.92,10085.22,10118.05,43344065
2019-11-14,10115.34,10158.53,10061.48,10077.78,32883565
2019-11-15,10087.54,10110.33,10065.59,10106.92,20072339
2019-11-18,10145.83,10150.07,10078.58,10130.59,25224828
2019-11-19,10131.58,10143.39,10034.19,10066.35,30170211
2019-11-20,10032.98,10039.95,9924.91,9984.1,24822604
2019-11-21,9945.75,9948.12,9856.17,9916.45,26957930
2019-11-22,9908.99,10002.54,9908.99,9962.72,28404210
2019-11-25,9995.4,10026.18,9991.99,10014.55,25316266
2019-11-26,10015.35,10019.74,9942.7,9995.11,77152177
2019-11-27,10015.29,10020.12,9938.94,9964.42,22170741
2019-11-28,9950.4,9950.4,9886.55,9923.49,14793882
2019-11-29,9892.42,9935.78,9875.47,9889.89,20294098
2019-12-02,9913.48,9925.56,9766.17,9778.58,36359002
2019-12-03,9769.23,9775.27,9642.67,9651.39,26156914
2019-12-04,9663.71,9747.05,9618.53,9638.96,29867793
2019-12-05,9685.98,9721,9637.91,9694.06,26812994
2019-12-06,9608.69,9649.53,9581.28,9649.53,50543858
2019-12-09,9635,9636.15,9561.98,9618.81,20803684
2019-12-10,9634.7,9634.7,9517.21,9572.5,21975016
2019-12-11,9579.39,9605.81,9500.46,9556.79,27838013
2019-12-12,9589.95,9755.83,9586.13,9755.83,32500008
2019-12-13,9813.61,9843.67,9764.25,9779.85,34079095
2019-12-16,9781.26,9830.58,9777.34,9798.58,26666026
2019-12-17,9813.9,9887.77,9803.23,9870.6,37426466
2019-12-18,9878.71,9883.53,9788.73,9858.65,34908525
2019-12-19,9883.93,9891.51,9850.43,9887.77,26504032
2019-12-20,9864.82,9912.44,9851.22,9871.27,67484724
2019-12-23,9863.22,9932.26,9863.22,9932.26,21307746
2019-12-27,9964.49,10032.94,9962.09,9986.04,16561909
2019-12-30,9992.5,10017.61,9966.4,9980.32,14186203
2020-01-02,10026.18,10188.41,10020.78,10188.41,27087337
2020-01-03,10137.61,10137.61,10033.64,10100.72,26527941
2020-01-07,10098.79,10114.69,10029.98,10040.54,27335025
2020-01-08,10018.17,10018.17,9898.98,9914.88,27581570
2020-01-09,9998.64,10057.52,9980.07,10049.53,27037384
2020-01-10,10084.62,10107.6,10032.21,10107.6,20498345
2020-01-13,10110.61,10200.53,10104.04,10200.53,28416251
2020-01-14,10190.1,10194.71,10127.62,10171.51,35173857
2020-01-15,10163.79,10177.95,10088.22,10099.42,29559837
2020-01-16,10123.43,10157.92,10105.65,10151.88,32343471
2020-01-17,10135.33,10184.09,10076.46,10165.52,26505900
2020-01-20,10172.26,10192.77,10155.67,10172.62,20828516
2020-01-21,10151.28,10151.28,10060.25,10080.12,23426730
2020-01-22,10139.74,10139.74,10028.27,10042,32390144
2020-01-23,10038.85,10074.91,10016.71,10044.92,28220423
2020-01-24,10065.38,10117.94,10058.36,10073.91,22806775
2020-01-27,9986.57,9995.31,9792.78,9799.9,26233174
2020-01-28,9826.77,9873.91,9785.56,9844.33,21552706
2020-01-29,9878.18,9914.73,9827.38,9863.6,30352748
2020-01-30,9771.74,9843.43,9727.03,9800.78,27813866
2020-01-31,9829.63,9829.63,9699,9756.69,44743400
2020-02-03,9730.24,9784.66,9688.92,9767.95,31440418
2020-02-04,9810.14,9944.5,9810.14,9914.17,36781551
2020-02-05,9915.23,10040.15,9899.57,10003.32,26879734
2020-02-06,10048.77,10074.23,9948.74,9959.21,27980474
2020-02-07,9921.95,9951.26,9885.44,9951.26,22633832
2020-02-10,9952.08,9967.33,9868.84,9897.79,19877294
2020-02-11,9934.21,9979.48,9911.01,9956.5,25595040
2020-02-12,9989.51,10040.12,9986.27,10003.15,25374829
2020-02-13,9987.05,9987.05,9871.51,9971.05,22406460
2020-02-14,10009.65,10014.53,9930.25,9948.91,24832477
2020-02-17,10006.32,10006.32,9966.39,9983.76,17316335
2020-02-18,9904.57,9967.37,9904.57,9948.34,17213319
2020-02-19,9970.83,9980.06,9882.29,9968.41,25988832
2020-02-20,9969.53,9979.41,9921.28,9921.64,25892413
2020-02-21,9900.23,9941.04,9860.14,9873.23,20685425
2020-02-24,9770.19,9770.19,9466.02,9476.56,31825081
2020-02-25,9477.18,9496.31,9229.08,9229.08,39795150
2020-02-26,9218.37,9255.26,9047.95,9165.05,42138480
2020-02-27,9128.19,9128.19,8727.32,8797.85,44157844
2020-02-28,8636.71,8636.71,8299.78,8441.12,88926116
2020-03-02,8605.85,8754.76,8455.42,8595.55,50730530
2020-03-03,8676.23,9026.76,8676.23,8961.1,47289566
2020-03-04,8922.93,8972,8841.43,8853.65,33008672
2020-03-05,8931.69,8994.01,8689.65,8705.36,30426161
2020-03-06,8634.96,8634.96,8387.75,8452.47,44226575
2020-03-09,8150.78,8150.78,7745.18,7814.18,51404228
2020-03-10,7873.45,7943.11,7668.96,7697.61,0
2020-03-11,7725.53,7754.95,7225.05,7275.95,59770606
2020-03-12,6991.91,6991.91,6337.72,6337.72,73692498
2020-03-13,6443.58,6890.61,6380.45,6574.9,94250916
2020-03-16,6456.81,6457.68,6034.65,6416.39,78535002
2020-03-17,6535.34,6865.77,6498.13,6816.54,96649872
2020-03-18,6796.37,6967.27,6609.62,6712.67,92135425
2020-03-19,6720.96,7018.33,6665.96,7018.33,61133887
2020-03-20,7146.33,7352.02,7000.01,7020.67,131041415
2020-03-23,6894.98,6894.98,6641.98,6659,51693660
2020-03-24,6857.45,6948.66,6751.56,6846.62,52050176
2020-03-25,6995.34,7097.94,6686.82,6811.55,61792113
2020-03-26,6748.6,7013.41,6702.68,7006.73,47574817
2020-03-27,7026.3,7045.63,6913.89,6953.63,41163763
2020-03-30,6990.54,6995.54,6809.76,6940.23,35703550
2020-03-31,6978.29,7112.96,6967.24,7065.22,68467522
2020-04-01,6983.47,7019.65,6927.05,6954.63,43647717
2020-04-02,6974.75,7003.73,6868.85,6969.35,56765635
2020-04-03,6961.88,7025.7,6903.95,7018.83,61881374
2020-04-06,7144.19,7363.15,7144.19,7354.77,59212748
2020-04-07,7460.86,7695.97,7460.86,7469.38,80609951
2020-04-08,7455.17,7536.96,7325.84,7377.33,0
2020-04-09,7437.79,7546.34,7399.03,7546.34,60473391
2020-04-14,7629.36,7819.51,7617.3,7819.51,58604584
2020-04-15,7846.68,7867.95,7548.33,7556.13,67601769
2020-04-16,7592.88,7608.18,7502.21,7542.83,57493558
2020-04-17,7645.36,7694.64,7608.77,7661.55,53595055
2020-04-20,7686.24,7709.6,7575.36,7697.59,41040006
2020-04-21,7642.11,7642.11,7407.31,7419.41,45788646
2020-04-22,7421.97,7571.7,7342.31,7557.56,41373048
2020-04-23,7597.99,7674.08,7501.48,7674.08,40096154
2020-04-24,7622.14,7674.84,7560.94,7563.3,32574423
2020-04-27,7632.43,7658.77,7479.55,7521.84,43261996
2020-04-28,7525.07,7651.82,7489.89,7528.09,50995838
2020-04-29,7586.26,7798.62,7556.07,7779.44,45426886
2020-04-30,7829.61,7910.77,7724.57,7777.82,56167152
2020-05-04,7695.1,7695.83,7549.69,7568.47,30015903
2020-05-05,7630.31,7630.31,7532.2,7563.05,27750578
2020-05-06,7592.06,7592.06,7415.88,7433.94,42225869
2020-05-07,7474.09,7560.94,7397.5,7503.45,32554710
2020-05-08,7581.06,7616.44,7565.82,7584.43,24875054
2020-05-11,7631.78,7642.31,7488.03,7499.35,26472941
2020-05-12,7503.04,7647.86,7494.69,7643.78,40513333
2020-05-13,7604.81,7688.12,7579.05,7605.1,36381012
2020-05-14,7555.06,7555.06,7359.01,7437.79,37564195
2020-05-15,7490.32,7518.88,7391.66,7406.17,24251968
2020-05-18,7521.23,7667.04,7484.57,7667.04,39224972
2020-05-19,7720.96,7742.74,7635.72,7673.41,32750539
2020-05-20,7660.47,7767.11,7652.83,7726.78,33671919
2020-05-21,7701.41,7741.52,7671.42,7682.75,30828000
2020-05-22,7631.72,7670.57,7592.88,7654.35,30230571
2020-05-25,7701.24,7751.08,7669.08,7736.61,20028067
2020-05-26,7813.27,8014.47,7799.37,8007.6,77243833
2020-05-27,8022.06,8240.38,8000.35,8009.49,80100099
2020-05-28,8101.04,8223.08,7951.01,8048.92,78412023
2020-05-29,8032.45,8052.17,7960.39,8038.62,158371570
2020-06-01,8100.41,8170.12,8063.08,8113.79,50951427
2020-06-02,8125.76,8153.06,8086.2,8149.57,61133782
2020-06-03,8191.16,8361.32,8186.44,8306.39,79026019
2020-06-04,8296.57,8406.36,8270.95,8406.36,66961390
2020-06-05,8449.92,8662.4,8449.92,8643.05,80221532
2020-06-08,8645.79,8702.78,8533.13,8653.9,66521056
2020-06-09,8679.96,8713.45,8525.89,8604.38,80392590
2020-06-10,8613.91,8640.17,8517.69,8611.36,115137714
2020-06-12,8387.12,8472.77,8219.16,8370.19,104573614
2020-06-15,8273.01,8273.01,8146.91,8157.05,99980121
2020-06-16,8266.39,8451.25,8266.39,8400.72,85405515
2020-06-17,8456.57,8456.57,8336.28,8378.42,60711188
2020-06-18,8384.48,8432.74,8344.42,8383.97,85541343
2020-06-19,8385.14,8421.5,8376.21,8414.42,104217497
2020-06-22,8406.03,8429.4,8339.54,8384.76,64519776
2020-06-23,8449.42,8616.02,8426.58,8541.26,69830646
2020-06-24,8570.25,8583.69,8358.27,8358.27,54697545
2020-06-25,8337.1,8412.32,8248.08,8390.48,42456324
2020-06-26,8411.62,8411.62,8226.3,8227.27,37617502
2020-06-29,8204.59,8278.29,8192.98,8278.29,45600512
2020-06-30,8306.07,8309.36,8189.42,8206.53,50381203
2020-07-01,8245.67,8291.06,8139.4,8289.36,38091524
2020-07-02,8324.12,8452.67,8324.12,8429.97,45708183
2020-07-03,8454.38,8461.96,8401.79,8426.23,24935189
2020-07-06,8523.45,8559.78,8461.42,8503.03,34618878
2020-07-07,8487.51,8487.51,8401.76,8406.69,32822530
2020-07-08,8381.96,8388.36,8332.1,8356.13,30930441
2020-07-09,8402.21,8411.04,8368.05,8372.74,38895182
2020-07-10,8314.5,8397.42,8287.03,8397.17,27332274
2020-07-13,8480.72,8480.72,8420.3,8426.2,37261927
2020-07-14,8383.61,8383.61,8270.87,8296.84,52028588
2020-07-15,8360.89,8411.97,8334.83,8404.12,45044712
2020-07-16,8383.23,8422.79,8361.1,8422.79,41548862
2020-07-17,8417.35,8423.31,8374.75,8401.6,36500290
2020-07-20,8389.79,8565.94,8379.73,8565.94,57475494
2020-07-21,8634.37,8765.24,8592,8614.87,86670223
2020-07-22,8618.38,8618.38,8530.7,8530.7,37475189
2020-07-23,8578.49,8580.02,8468.59,8476.26,31841520
2020-07-24,8366.67,8430.56,8350.45,8428.85,30102588
2020-07-27,8450.63,8488.35,8404.12,8481.63,39140749
2020-07-28,8481.48,8520.24,8398.97,8469.31,50599316
2020-07-29,8466.81,8493.89,8391.11,8480.84,40626782
2020-07-30,8453.09,8478.9,8186.67,8186.67,62888310
2020-07-31,8222.81,8323.52,8214.25,8221.38,48162041
2020-08-03,8272.03,8425.99,8235.05,8384.59,30262863
2020-08-04,8451.79,8501.12,8390.48,8423.44,27550878
2020-08-05,8500.02,8553.17,8481.31,8518.04,30255832
2020-08-06,8536.3,8563.7,8418.21,8444.47,28402118
2020-08-07,8439.04,8461.58,8400.81,8436.4,29519963
2020-08-10,8460.54,8493.39,8423.91,8461.11,21120532
2020-08-11,8470.26,8623.98,8470.26,8580.67,31318500
2020-08-12,8563.59,8612.29,8550.2,8606.43,27527677
2020-08-13,8621.58,8720.69,8616.49,8638.07,24508737
2020-08-14,8632.68,8632.68,8558.77,8619.34,15869586
2020-08-17,8637.55,8662.97,8574.89,8652.6,18272696
2020-08-18,8618.99,8641.74,8573.76,8587.85,25969684
2020-08-19,8584.07,8615.99,8535.37,8541.96,18454611
2020-08-20,8492.25,8506.61,8460.1,8466.39,16460728
2020-08-21,8531.92,8531.92,8451.51,8487.3,19486174
2020-08-24,8545.29,8578.43,8514.51,8568.97,18620234
2020-08-25,8621.33,8640.04,8494.33,8495.68,21663037
2020-08-26,8484.14,8596.26,8469.93,8596.26,17573048
2020-08-27,8578.09,8619.76,8545.58,8590.28,20495947
2020-08-28,8588.42,8629.14,8534.17,8541.01,20031718
2020-08-31,8560.41,8572.27,8405.94,8435.68,40510513
2020-09-01,8468.54,8475.07,8296.99,8319.7,36785925
2020-09-02,8377.82,8425,8346.19,8380.73,39468043
2020-09-03,8397.57,8465.93,8293.12,8313.82,31054180
2020-09-04,8219.95,8314.07,8210.59,8255.04,24418486
2020-09-07,8304.15,8353.08,8281,8319.71,20286027
2020-09-08,8343.13,8349.32,8071.56,8132.42,44032726
2020-09-09,8142.25,8320.69,8142.25,8318.24,27297358
2020-09-10,8321.02,8354.99,8226.01,8291.07,21566783
2020-09-11,8303.48,8341.67,8292.28,8321.39,19717028
2020-09-14,8374.93,8378.44,8266.14,8266.14,25052757
2020-09-15,8292.83,8293.78,8174.49,8196.89,38106841
2020-09-16,8205.97,8224.81,8143.02,8172.29,32531773
2020-09-17,8098.7,8205.06,8084.83,8205.06,35332247
2020-09-18,8221.39,8221.39,8124.51,8140.28,59290147
2020-09-21,8106.25,8219.8,7930.14,7930.14,62965939
2020-09-22,7971.58,8014.73,7932.36,7968.47,42616101
2020-09-23,8021.1,8058.33,7938.68,7938.68,49478481
2020-09-24,7861.2,7904.19,7824.55,7868.09,37550767
2020-09-25,7877.32,7923.85,7844.09,7902.05,55756597
2020-09-28,7982.39,8165.77,7979.71,8165.77,47442314
2020-09-29,8161.32,8161.32,8096.02,8096.02,26731212
2020-09-30,8072.61,8098.8,8035.23,8081.54,30087238
2020-10-01,8122.01,8128.87,8017.79,8036.54,31694037
2020-10-02,8002.22,8075.33,7967.25,8047.83,23096843
2020-10-05,8113.11,8223.3,8113.11,8208.42,26050771
2020-10-06,8244.81,8293.37,8229.01,8234.16,34389999
2020-10-07,8235.49,8254.64,8156.75,8242.84,28421973
2020-10-08,8282.37,8282.37,8129.81,8158.35,28205955
2020-10-09,8134.25,8134.25,7985.23,8063.02,36115558
2020-10-12,8089.71,8105.58,8007.23,8018.2,31195329
2020-10-13,8005.09,8005.09,7923.04,7936.19,32332431
2020-10-14,7977.7,8051.83,7934.87,7955.76,41739382
2020-10-15,7931.32,7931.32,7703.82,7703.82,43166786
2020-10-16,7743.69,7838.17,7711.38,7814.36,30325925
2020-10-19,7849.98,7917.39,7749.67,7768.37,25243820
2020-10-20,7759.13,7836.68,7717.5,7800.79,26420977
2020-10-21,7827.01,7827.01,7684.4,7716.35,24362257
2020-10-22,7686.88,7763.73,7649.66,7712.84,27304481
2020-10-23,7719.62,7774.97,7650.84,7668.93,36486219
2020-10-26,7615.25,7637.79,7551.76,7551.76,23245125
2020-10-27,7588.15,7605.11,7439.53,7478.85,31794567
2020-10-28,7401.19,7401.19,7132.63,7157.07,45078528
2020-10-29,7166.79,7176.88,7060.93,7143.52,42752431
2020-10-30,7064.64,7109.24,6978.3,7060.3,44630496
2020-11-02,7110.73,7270.35,7096.63,7214.22,39904594
2020-11-03,7276.45,7590.49,7266.62,7588.44,46813877
2020-11-04,7520.95,7605.74,7411.86,7587.34,36625818
2020-11-05,7685.42,7806.29,7648.09,7775.39,33813952
2020-11-06,7789.48,7851.46,7665.98,7837.34,30753252
2020-11-09,7904.85,8275.59,7830.12,8215.87,68182862
2020-11-10,8235.91,8434.16,8153.31,8399.53,64711710
2020-11-12,8366.3,8453.44,8346.82,8397.51,55286269
2020-11-13,8368.61,8368.61,8300.14,8320.19,26845436
2020-11-16,8416.54,8593.07,8416.54,8591.95,52394145
2020-11-17,8567.8,8636.76,8506.78,8599.58,40786382
2020-11-18,8595,8684.02,8595,8684.02,33479105
2020-11-19,8634.53,8656.31,8529.13,8534.06,29570702
2020-11-20,8506.74,8602.81,8478.38,8593.17,25154307
2020-11-23,8664.44,8787.33,8634.63,8670.01,29207859
2020-11-24,8730.31,8755.66,8681.94,8750.99,28874740
2020-11-25,8797.92,8805.09,8706.36,8762.45,31666985
2020-11-26,8802.65,8828.85,8705.3,8768.96,22423247
2020-11-27,8755.26,8783.06,8707.65,8782.7,25321161
2020-11-30,8727.72,8735.55,8605.04,8633.22,85010436
2020-12-01,8685.88,8793.23,8665.95,8690.72,32591805
2020-12-02,8711.65,8888.13,8670.15,8880.81,33717548
2020-12-03,8901.75,8904.61,8818.34,8883.58,33045368
2020-12-04,8909.17,9142.37,8909.17,9130.7,34031844
2020-12-07,9142.92,9224.05,9098.51,9188.98,38192694
2020-12-08,9137.7,9218.7,9109.85,9218.7,38848765
2020-12-09,9253,9462.65,9253,9368.67,71150326
2020-12-10,9378.05,9402.25,9219.19,9243.3,51760571
2020-12-11,9246.93,9279.83,9010.79,9107.97,46762598
2020-12-14,9137.79,9139.82,8962.12,9011,38667069
2020-12-15,9000.86,9077.46,8979.65,9072.71,35206680
2020-12-16,9103.98,9269.2,9103.98,9255.04,41611019
2020-12-17,9305.24,9370.01,9044.39,9172.01,52994016
2020-12-18,9189.63,9189.63,9059.62,9066.74,62759929
2020-12-21,8987.45,9006.18,8666.99,8830.17,50337021
2020-12-22,8867.2,9005.15,8867.2,8999.03,25368335
2020-12-23,9029.44,9126.69,9003.89,9124.19,26805133
2020-12-28,9185.39,9357.41,9185.39,9356.36,46531501
2020-12-29,9425.88,9482.26,9392.81,9447.12,30606050
2020-12-30,9451.09,9456.54,9313.76,9323.96,34143229
2021-01-04,9349.08,9471.51,9349.08,9437.91,43742181
2021-01-05,9417.85,9530.36,9394.45,9433.56,42111377
2021-01-07,9557.88,9678.59,9516.38,9678.03,51246366
2021-01-08,9710.43,9775.64,9653.37,9708.41,56424013
2021-01-11,9712.65,9842.91,9619.86,9712.04,45814891
2021-01-12,9749.23,9784.12,9529.92,9589.32,36016132
2021-01-13,9645.03,9645.03,9420.32,9477.99,48403464
2021-01-14,9482.93,9555.44,9480.17,9555.44,32397255
2021-01-15,9542.93,9548.16,9313.04,9373.24,41992272
2021-01-18,9378.8,9543.63,9327.67,9543.63,42563311
2021-01-19,9591.44,9631.65,9387.55,9396.36,45636368
2021-01-20,9424.54,9445.35,9296.99,9402.87,34708407
2021-01-21,9455.02,9485.42,9235.92,9249.97,37102842
2021-01-22,9210.9,9329.26,9173.64,9289.51,27282789
2021-01-25,9319.21,9332.64,9155.7,9226.66,29778050
2021-01-26,9193.17,9385.3,9181.19,9366.97,35372098
2021-01-27,9362.31,9426.81,9104.53,9162.46,51870390
2021-01-28,9122.66,9389.37,8979.45,9375.59,49804108
2021-01-29,9301.23,9377.58,9205.11,9240.9,46953474
2021-02-01,9292.36,9328.31,9222.81,9311.17,29044231
2021-02-02,9345.87,9374.34,9228.95,9288.31,31227722
2021-02-03,9318.13,9362.04,9211.26,9233.35,33875314
2021-02-04,9243.04,9305.83,9184.46,9187.65,31141055
2021-02-05,9242.29,9353.82,9226.3,9303.49,24586751
2021-02-08,9346.82,9371.36,9276.08,9283.33,0
2021-02-09,9301.89,9301.89,9221.26,9255.03,26450609
2021-02-10,9295.4,9299.96,9133.63,9161.06,29208288
2021-02-11,9197.56,9365.32,9186.44,9339.13,28670726
2021-02-12,9320.37,9336.95,9222.03,9280.74,23856606
2021-02-15,9330.08,9461.74,9330.08,9442.02,23266773
2021-02-16,9461.34,9675.22,9454.17,9631.39,48779230
2021-02-17,9635.41,9648.23,9542.69,9560.55,50320408
2021-02-18,9565.02,9663.75,9501.88,9509.16,46490805
2021-02-19,9526.33,9553.74,9446.17,9484.71,39283999
2021-02-22,9429.49,9430.5,9361.76,9374.52,29769607
2021-02-23,9408.2,9422.61,9092.16,9191.41,40249476
2021-02-24,9218.98,9337.39,9218.98,9285.34,33871051
2021-02-25,9359.33,9418.24,9295.49,9308.2,38726828
2021-02-26,9219.39,9269.21,9114.96,9211.23,62512985
2021-03-01,9304.07,9381.01,9250.32,9377.75,37893836
2021-03-02,9357.92,9484.06,9350.58,9437.23,37488283
2021-03-03,9487.29,9557.97,9342.22,9376.53,44028277
2021-03-04,9338.06,9403.94,9254.48,9384.05,45043371
2021-03-05,9343.59,9383.76,9301.23,9325.15,35866903
2021-03-08,9377.46,9442.25,9349.33,9429.42,35631517
2021-03-09,9436.62,9609.92,9424.58,9548.81,46283333
2021-03-10,9579.77,9652.5,9575.57,9605.42,51534831
2021-03-11,9654.41,9668.36,9523.65,9552.8,42947992
2021-03-12,9580.84,9653.99,9524.8,9626.82,31219688
2021-03-15,9657.18,9729.12,9617.95,9635.31,36380220
2021-03-16,9670.08,9691.09,9562.4,9574.56,46149812
2021-03-17,9473.94,9500.94,9249.78,9357.61,94842388
2021-03-18,9382.66,9467.34,9364.79,9429.25,47838256
2021-03-19,9391.67,9410.03,9276.04,9276.04,81472549
2021-03-22,9276.47,9384.88,9271.43,9304.45,49720194
2021-03-23,9327.82,9340.18,9214.77,9299.77,32227090
2021-03-24,9205.13,9245.09,9142.27,9183.26,38686020
2021-03-25,9203.3,9224.85,9052.93,9096.06,41461500
2021-03-26,9188.64,9299.44,9148.8,9276.1,29187941
2021-03-29,9302.02,9422.21,9302.02,9419.72,31828527
2021-03-30,9472.72,9487.67,9352.59,9382.5,25803580
2021-03-31,9366.18,9411.65,9317.49,9340.31,39441815
2021-04-01,9365.91,9427.38,9340.71,9407.82,35627107
2021-04-06,9461.4,9655.23,9461.4,9655.23,42380634
2021-04-07,9650.04,9650.04,9555.05,9588.58,33886807
2021-04-08,9617.16,9618.52,9485.68,9533.42,31048350
2021-04-09,9531.35,9583.68,9493.62,9539.59,47355226
2021-04-12,9543.15,9581.77,9497.02,9581.77,62714785
2021-04-13,9595.48,9598.91,9524.94,9548.32,38908124
2021-04-14,9602.76,9666.38,9602.76,9666.38,37459558
2021-04-15,9676.33,9710.34,9616.67,9669.56,30305056
2021-04-16,9662.47,9698.61,9606.02,9651.56,34054494
2021-04-19,9656.78,9751.61,9577.87,9594.66,37296042
2021-04-20,9610.29,9643.11,9515.2,9539.03,34850378
2021-04-21,9534.45,9534.45,9451.84,9485.96,30215590
2021-04-22,9520.7,9586.12,9520.7,9528.27,25443919
2021-04-23,9521.87,9525.89,9415.69,9518.27,30639792
2021-04-26,9561.59,9591.99,9491.76,9591.99,25170599
2021-04-27,9606.37,9618.84,9551.69,9566.19,26354272
2021-04-28,9589.61,9725.65,9589.61,9707.41,53552428
2021-04-29,9800.95,9932.79,9746.95,9816.7,60001530
2021-04-30,9849.7,9859.13,9765.71,9780.34,32939720
2021-05-04,9813.4,9813.4,9596.78,9617.8,34005050
2021-05-05,9661.33,9815.3,9661.33,9796.52,27921943
2021-05-06,9825.19,9923.8,9768.58,9791.92,35653004
2021-05-07,9867.16,10001.76,9858.87,9992.6,33989706
2021-05-10,10073.13,10185.56,10073.13,10109.76,37448993
2021-05-11,10063.44,10114.25,9960.04,10086.51,54607669
2021-05-12,10099.37,10160.03,9983.88,10019.34,33618010
2021-05-13,9999.97,10011.32,9827.49,9973.78,38631878
2021-05-14,10027.84,10034.82,9890.14,10021.56,29325391
2021-05-17,10095.08,10176.03,10092.97,10164.9,28010512
2021-05-18,10216.67,10269.37,10193,10204.15,33434855
2021-05-19,10162.76,10174.88,10097.72,10136.42,31350814
2021-05-20,10168.48,10242.27,10076.1,10227.5,37455766
2021-05-21,10247.6,10328.37,10229.39,10302.65,36634410
2021-05-24,10312.39,10312.39,10257.47,10297.42,26808904
2021-05-25,10337.5,10412.98,10310.02,10397.79,38799464
2021-05-26,10427.94,10470.2,10357.54,10452.57,43476393
2021-05-27,10477.26,10642.83,10464.65,10635.09,56381769
2021-05-28,10664.88,10779.34,10664.88,10778.96,39769475
2021-05-31,10814.3,10842.26,10765.75,10787.87,23655670
2021-06-01,10810.2,10930.35,10751.96,10783.32,30374265
2021-06-02,10820.85,10866.85,10799.96,10861.24,32377801
2021-06-04,10871.46,10912.63,10786.59,10876.11,31317494
2021-06-07,10874.22,10974.08,10844.84,10852.68,37476937
2021-06-08,10828.43,10848.33,10741.85,10807.75,34222301
2021-06-09,10819.02,10853.98,10740.07,10752.12,28874201
2021-06-10,10746.8,10827.45,10715.26,10806.45,27886333
2021-06-11,10806.92,10807.87,10744.95,10747.22,23832554
2021-06-14,10785.94,10884.69,10776.78,10884.69,18062292
2021-06-15,10936.93,10950.87,10784.94,10785.74,29685984
2021-06-16,10772.82,10841.78,10769.92,10769.92,30370379
2021-06-17,10709.53,10761.66,10699.08,10712.54,29252528
2021-06-18,10702.5,10777.9,10686.5,10754.59,60730473
2021-06-21,10707.62,10759.01,10623.88,10748.85,16797974
2021-06-22,10809.28,10813.34,10699.04,10778.68,21460304
2021-06-23,10824.26,10879.04,10767.84,10864.28,15873658
2021-06-24,10871.71,11066.09,10867.73,11049.01,25892561
2021-06-25,11056.58,11128.4,11037.84,11094.69,21186138
2021-06-28,11065.76,11147.05,11012.5,11116.17,17054627
2021-06-29,11105.41,11111.16,10975.19,10990.99,25354513
2021-06-30,11008.21,11009.1,10786.8,10786.8,37315260
2021-07-01,10827.44,10936.5,10816.4,10917.35,37495473
2021-07-02,10961.9,11001.04,10941.97,10955.72,18752846
2021-07-05,10997.62,11027.29,10981.35,11010.64,13529120
2021-07-06,11038.76,11044.23,10895.9,10895.9,18249341
2021-07-07,10946.69,11170.27,10944.42,11137.16,28584271
2021-07-08,11097.13,11097.13,10903.92,10913.06,26624911
2021-07-09,10969.43,11022.68,10906.96,11003.97,17136612
2021-07-12,11022.57,11050.03,10982.63,11030.94,21207499
2021-07-13,11071.54,11141.8,11048.25,11079.7,19116181
2021-07-14,11089.27,11157.33,11087.02,11106.96,20391135
2021-07-15,11102.47,11148.59,11031.5,11042.81,18872161
2021-07-16,11060.57,11112.43,11041.33,11053.3,15751283
2021-07-19,11001.91,11024.46,10756.73,10797.78,24685323
2021-07-20,10826.35,10886.75,10774.83,10875.02,22021606
2021-07-21,10919.15,11081.55,10912.18,11031.17,23223592
2021-07-22,11058.08,11083.98,10974.99,10982.29,14558048
2021-07-23,11031.19,11040.02,10992.26,11030.3,17755554
2021-07-26,11022.82,11050.23,10948.85,11024.43,14923263
2021-07-27,11023.06,11027.83,10902.01,10926.47,16080378
2021-07-28,10929.87,11053.19,10929.19,11047.59,15775316
2021-07-29,11098.51,11129.5,11080.47,11120.26,25914528
2021-07-30,11064.63,11099.03,11038.03,11093.98,29365693
2021-08-02,11142.43,11155.4,11089.41,11116.04,16914717
2021-08-03,11142.19,11193.9,11084.24,11110.77,20754957
2021-08-04,11158.81,11205.53,11139.05,11161.82,15527540
2021-08-05,11154.11,11179.49,11120.12,11179.49,20050002
2021-08-06,11201.96,11206.51,11117.52,11199.6,18787847
2021-08-09,11186.17,11235.68,11179.81,11219.82,14145252
2021-08-10,11219.63,11269.95,11197.56,11240.77,17845044
2021-08-11,11235.93,11266.1,11176.73,11266.1,22219113
2021-08-12,11255.66,11320.84,11239.79,11320.84,21293884
2021-08-13,11309.11,11347.35,11290.14,11347.35,16001744
2021-08-16,11279.24,11332.41,11265.03,11270.4,14485434
2021-08-17,11273.31,11343.66,11245.08,11343.66,21650716
2021-08-18,11331.5,11343.41,11242.03,11286.77,16722972
2021-08-19,11218.51,11218.51,11081.98,11169.77,22987688
2021-08-20,11163.3,11164.78,11111.69,11145.51,16372757
2021-08-23,11200.81,11285.54,11199.46,11279.99,24110278
2021-08-24,11305.95,11329.35,11254.43,11329.35,18233462
2021-08-25,11315.76,11460.84,11295.64,11460.84,18881698
2021-08-26,11419.07,11495.77,11393.8,11421.52,15334753
2021-08-27,11443.39,11476.96,11363.05,11476.96,14919654
2021-08-30,11495.51,11620.32,11495.51,11620.32,17370323
2021-08-31,11620.39,11738.39,11603.35,11699.11,36024272
2021-09-01,11732.54,11778.57,11701.34,11710.6,23511383
2021-09-02,11733.56,11817.88,11691,11817.88,23630651
2021-09-03,11807.06,11807.06,11725.25,11763.59,17695502
2021-09-06,11766.55,11927.63,11766.55,11927.63,19314597
2021-09-07,11891.64,11908.83,11816.58,11853.68,19360481
2021-09-08,11826.64,11826.64,11687.9,11697.44,25299235
2021-09-09,11658.04,11717.32,11611.73,11704.68,19455701
2021-09-10,11735.73,11789.27,11715.26,11717.37,0
2021-09-13,11749.34,11836.31,11732.92,11836.31,25021717
2021-09-14,11841.78,11917.27,11800.77,11886.21,32276010
2021-09-15,11820.93,11867.2,11783.51,11817.25,31567989
2021-09-16,11812.59,11875.73,11799.38,11841.62,31201782
2021-09-17,11831.54,11838.2,11731.53,11742.45,50539536
2021-09-20,11619.16,11619.16,11365.75,11433.62,41062789
2021-09-21,11417.3,11571,11417.3,11478.31,24605591
2021-09-22,11590.53,11731.49,11566.5,11731.49,20425077
2021-09-23,11807.68,11820.02,11671.22,11690.38,23845040
2021-09-24,11692.83,11710.42,11573.54,11589.08,22262606
2021-09-27,11645.94,11648.53,11529.17,11556.46,22515972
2021-09-28,11560.44,11587.16,11451.39,11467.36,22249330
2021-09-29,11465.51,11581.76,11452.26,11550.18,17393722
2021-09-30,11612.57,11646.52,11573.17,11629.96,36674311
2021-10-01,11538.86,11734.31,11504.99,11708.46,29514992
2021-10-04,11704.43,11872.01,11641.27,11778.9,36499249
2021-10-05,11788.97,11917.89,11721.51,11911.35,25937139
2021-10-06,11885.47,11934.18,11765.22,11902.04,39827708
2021-10-07,11946.13,11974.86,11831.25,11948.51,31489750
2021-10-08,11990.54,12181.14,11990.54,12169.11,38474619
2021-10-11,12176.18,12352.65,12159.3,12350.91,30307589
2021-10-12,12263.22,12442.84,12243.22,12418.84,50236260
2021-10-13,12406.1,12439.06,12292.49,12346.1,40677432
2021-10-14,12411.85,12425.83,12330.1,12382.41,41764815
2021-10-15,12375.88,12383.26,12282.84,12362.47,33473449
2021-10-18,12369.91,12454.18,12352.57,12407.02,21876510
2021-10-19,12432.38,12455.34,12324.39,12363.86,27661504
2021-10-20,12345.08,12391.58,12306.78,12339.33,28215494
2021-10-21,12253.4,12298.27,12233.1,12283,23125745
2021-10-22,12266.47,12343.98,12238.87,12250.14,20342475
2021-10-25,12263.81,12314.1,12255.72,12291.01,20752779
2021-10-26,12297.39,12346.65,12243.42,12303.66,28147420
2021-10-27,12259.91,12274.9,12141.83,12209.2,29269475
2021-10-28,12201.16,12232.45,12156.33,12183.55,28197499
2021-10-29,12167.63,12354.93,12130.13,12250.02,34200869
2021-11-02,12288.07,12359.48,12215.31,12284.4,37424000
2021-11-03,12318.23,12368.52,12083.75,12128.33,29887334
2021-11-04,12235.69,12449.05,12226.35,12437.84,35567446
2021-11-05,12415.5,12492.36,12384.06,12471.85,28690769
2021-11-08,12505.07,12505.07,12363.04,12390.93,22774571
2021-11-09,12380.02,12380.02,12236.16,12242.52,27387376
2021-11-10,12243.73,12298.81,12044.16,12111.85,31072686
2021-11-12,12205.63,12206.16,12066.07,12066.07,34690434
2021-11-15,12097.53,12208.24,11993.99,11993.99,32823561
2021-11-16,12041.52,12068.73,11978.4,12010.61,27049252
2021-11-17,12060.08,12070.21,11868.85,11892.91,28154102
2021-11-18,11856.17,11856.17,11606.86,11653.99,34751013
2021-11-19,11703.29,11718.6,11415.08,11536.13,40630535
2021-11-22,11559.86,11596.92,11450.51,11535.52,30226099
2021-11-23,11500.92,11610.32,11419.21,11585.43,28207282
2021-11-24,11607.07,11649.48,11441.11,11490.3,24549700
2021-11-25,11517.12,11527.8,11409.01,11445.47,23020056
2021-11-26,11167.62,11175.38,11033.27,11055.68,47271058
2021-11-29,11141.57,11159.53,10947.53,11098.53,42285472
2021-11-30,10966.57,11318.35,10960.65,11290.11,80492314
2021-12-01,11426.9,11446.98,11275.99,11388.23,36587515
2021-12-02,11287.59,11360.21,11244.85,11338.06,35434671
2021-12-03,11393.98,11445.44,11234.32,11252.28,34873920
2021-12-06,11302.08,11321.94,11226.59,11278.36,23785689
2021-12-07,11388.75,11479.63,11367.36,11473.24,38200551
2021-12-08,11529.32,11541.26,11409.64,11431.23,28287697
2021-12-09,11400.69,11510.46,11247.18,11367.94,33032438
2021-12-10,11322.2,11440.91,11322.2,11379.83,17690989
2021-12-13,11423.06,11525.41,11326.93,11361.61,29001639
2021-12-14,11408.81,11408.81,11251.27,11305.44,29950263
2021-12-15,11260.56,11266.88,11056.02,11084.7,30795926
2021-12-16,11242.04,11346.86,11193.42,11333.38,35567758
2021-12-17,11267.59,11291.61,11153.15,11189.14,71763304
2021-12-20,10997.29,11203.9,10946.44,11190.9,28613782
2021-12-21,11251.42,11268.78,11190.08,11210.23,22930268
2021-12-22,11237.72,11324.17,11219.13,11324.17,18445486
2021-12-23,11357.93,11406.14,11343.2,11381.66,24261884
2021-12-27,11411.62,11416.07,11306.94,11402.54,21670386
2021-12-28,11386.42,11517.07,11386.42,11508.04,30867015
2021-12-29,11483.89,11571.28,11483.89,11554.72,24057352
2021-12-30,11559.96,11576.46,11492.22,11573.33,21684794
2022-01-03,11633.75,11759.33,11633.75,11706.04,23962256
2022-01-04,11777.55,11777.55,11703.91,11756,26515069
2022-01-05,11718.09,11806.34,11696.94,11806.34,26024435
2022-01-07,11726.87,11838.2,11667.11,11837.44,33392395
2022-01-10,11850.65,11903.82,11747.14,11752.88,27221344
2022-01-11,11847.9,11987.81,11777.42,11977.23,36482613
2022-01-12,12073.62,12256.46,12072.86,12256.46,52725783
2022-01-13,12242.82,12324.95,12213.17,12241.73,44491260
2022-01-14,12218.93,12252.45,12060.66,12115.88,29364274
2022-01-17,12100.62,12133.81,12025.12,12054.06,23891651
2022-01-18,12010.52,12022.91,11822.7,11822.7,25420459
2022-01-19,11741.7,11899.21,11700.48,11804.24,59092501
2022-01-20,11858.96,11865.87,11689.47,11736.81,31735280
2022-01-21,11631.62,11645.33,11479.41,11544.14,33537101
2022-01-24,11498.28,11572.25,10952.89,11051.4,47200654
2022-01-25,11161.97,11257.55,11041.58,11184.85,36260949
2022-01-26,11237.25,11406.75,11237.25,11346.87,26315815
2022-01-27,11199.57,11388.32,11187.55,11357.63,26519717
2022-01-28,11342.94,11342.94,11054.8,11133.57,35190736
2022-01-31,11273.21,11283.99,11159.53,11235.44,33559788
2022-02-01,11331.95,11378.3,11275.63,11327.05,22419675
2022-02-02,11378.34,11512.83,11327.76,11485.6,33495499
2022-02-03,11457.89,11468.09,11361.34,11408.32,37677132
2022-02-04,11424.54,11444.38,11151.35,11151.35,29726012
2022-02-07,11254.55,11266.03,11048.48,11147.18,26189223
2022-02-08,11150.43,11322.03,11150.43,11322.03,30635686
2022-02-09,11354.96,11402.14,11330.22,11389.65,32023200
2022-02-10,11411.83,11418.4,11233.22,11282,21755167
2022-02-11,11197.21,11230.75,11064.5,11222.14,21617088
2022-02-14,10982.1,11045.01,10790.24,10976.28,33891564
2022-02-15,11043,11295.89,11043,11226.83,26504300
2022-02-16,11353.96,11401.61,11189.29,11239.17,25900839
2022-02-17,11259.55,11259.55,11022.38,11039.61,25895464
2022-02-18,11032.61,11108.41,10891.18,10891.18,20257558
2022-02-21,10956.55,10980.61,10476.92,10535.48,26555375
2022-02-22,10230.62,10686.75,10223.95,10670.19,43726016
2022-02-23,10740.65,10795.65,10369.87,10370.45,33700642
2022-02-24,9823.23,9846.36,9003.38,9206.3,97959060
2022-02-25,9425.85,10046.27,9425.85,9939.7,61011756
2022-02-28,9656.4,10069.16,9578.97,10036.18,90353155
2022-03-01,10094.05,10253.07,9830.42,9844.16,65878470
2022-03-02,9812.81,10084.38,9777.36,10084.38,89474055
2022-03-03,10154.17,10162.61,9917.17,9937.82,84588726
2022-03-04,9825.25,9850.31,9367.67,9476.94,62918595
2022-03-07,9257.23,9605.29,9127.15,9520.31,101247443
2022-03-08,9452.78,9709.68,9347.76,9398.44,53705621
2022-03-09,9584.11,9781.75,9558.98,9773.24,53001432
2022-03-10,9873.96,9878.27,9655.13,9738.56,45510746
2022-03-11,9816.5,10063.04,9815.78,10014.08,46105604
2022-03-14,9984.39,10018.52,9767.12,9767.65,38746717
2022-03-15,9766.83,9956.84,9659.08,9875.5,36664001
2022-03-16,10073.81,10216.85,10064.77,10216.85,54011157
2022-03-17,10333.45,10509.8,10314.3,10509.8,51694091
2022-03-18,10511.28,10554.26,10347.65,10416.14,89254145
2022-03-21,10448.62,10522.79,10329.68,10381.41,36604124
2022-03-22,10438.87,10518.4,10389.7,10509.19,38983588
2022-03-23,10557.72,10628.8,10431,10513.29,31051020
2022-03-24,10565.52,10664.71,10497.22,10610.7,41179807
2022-03-25,10651.7,10651.7,10444.93,10521.06,35134689
2022-03-28,10523.65,10640.7,10523.65,10543.06,31310692
2022-03-29,10613.2,10845.65,10480.33,10759.43,49320382
2022-03-30,10783.81,10842.22,10717.53,10809.58,37251064
2022-03-31,10803.8,10826.86,10613.23,10613.23,36949347
2022-04-01,10655.79,10754.93,10650.3,10745.14,27319846
2022-04-04,10799.35,10827.17,10689.94,10732.33,34612954
2022-04-05,10763.21,10792.17,10578.33,10593.99,26262636
2022-04-06,10600.35,10606.43,10383.49,10480.72,35261549
2022-04-07,10504.1,10517.35,10352.63,10352.63,33095206
2022-04-08,10443.33,10474.26,10332.01,10380.33,26259887
2022-04-11,10369.1,10515.44,10294.81,10515.44,30389816
2022-04-12,10458.41,10476.12,10392.94,10394.09,37999386
2022-04-13,10448.35,10469.68,10354.83,10424.02,24005569
2022-04-14,10471.57,10476.9,10348.62,10367.14,20714219
2022-04-19,10391.56,10401.19,10155.72,10253.98,34063978
2022-04-20,10315.58,10380.53,10176.58,10176.58,29712042
2022-04-21,10255.92,10285.6,10095.69,10095.69,33065377
2022-04-22,10042.09,10062.72,9859.48,9859.48,28465710
2022-04-25,9712.48,9828.63,9575.61,9621.68,46416403
2022-04-26,9736.47,9756.94,9510.64,9510.64,34600543
2022-04-27,9481.93,9489.75,9322.63,9380.25,36201742
2022-04-28,9522.13,9522.13,9370.28,9409.03,33608878
2022-04-29,9509.94,9566.47,9265.1,9301.41,45704655
2022-05-02,9283.01,9283.01,9124.75,9160.88,20888091
2022-05-04,9217.47,9219.93,9084.79,9117.89,38162174
2022-05-05,9294.55,9294.55,8908.55,8910.74,43816869
2022-05-06,8844.31,8886,8679.77,8886,37372370
2022-05-09,8809.32,8869.55,8707.91,8713.27,24279054
2022-05-10,8798.65,8802.48,8601.77,8689.54,38350411
2022-05-11,8725.6,8812.5,8657.28,8692.75,37722696
2022-05-12,8497.2,8663.13,8399.93,8578.38,45411837
2022-05-13,8712.12,8965.89,8712.12,8931.07,34301674
2022-05-16,8918.11,9091.51,8859.75,8923.9,32807193
2022-05-17,9017.94,9187.1,8962.45,9110.78,43214393
2022-05-18,9134.36,9240.08,9099.67,9099.67,41635803
2022-05-19,8903.28,9002.84,8859.26,8949.89,37126165
2022-05-20,9031.13,9092.78,8981.38,8981.38,35314288
2022-05-23,9138.25,9245.07,9122.81,9240.53,41287277.301887
2022-05-24,9170.6,9272.5,9117.42,9117.49,38790768
2022-05-25,9211.53,9219.02,9020.86,9046.05,25001866
2022-05-26,9065.93,9195.77,9021.36,9172.04,28307833
2022-05-27,9203.15,9211.31,9080.87,9129.64,30560374
2022-05-30,9230.33,9351.67,9210.29,9347.96,22703445
2022-05-31,9327.97,9361.57,9254.01,9282.32,76268163
2022-06-01,9287.11,9298.85,9178.43,9205.94,24216320
2022-06-02,9233.49,9261.53,9171.5,9232.33,19624063
2022-06-03,9305.99,9309.57,9131.78,9157.92,20701619
2022-06-06,9198.55,9293.2,9176.09,9285.28,14175593
2022-06-07,9209.05,9218.64,9136.71,9186.66,19713828
2022-06-08,9194.3,9194.3,8974.67,9006.23,26727989
2022-06-09,8975.88,9038.45,8871.05,8887.72,23332101
2022-06-10,8809.61,8810.82,8674.43,8696.32,25395977
2022-06-13,8517.92,8590.19,8439.64,8462.38,30785735
2022-06-14,8536.26,8570.83,8447.96,8532.88,28486069
2022-06-15,8544.26,8544.26,8388.57,8540.94,33125536
2022-06-17,8395.28,8543.42,8374.28,8414.52,64165305
2022-06-20,8487.1,8512.85,8445.2,8491.81,20020070
2022-06-21,8575.33,8685.04,8554.92,8685.04,23891723
2022-06-22,8561.48,8561.48,8449.23,8505.95,23269693
2022-06-23,8516.81,8548.94,8386.73,8386.73,22374803
2022-06-24,8426.69,8539.34,8390.13,8520.3,21267622
2022-06-27,8584.95,8663.33,8560.76,8658.47,22022052
2022-06-28,8719.5,8802.12,8719.5,8772.66,27196134.050188
2022-06-29,8660.72,8785.94,8660.38,8785.94,25470457
2022-06-30,8676.98,8686.74,8559.21,8592.73,29589913.828125
2022-07-01,8571.05,8694.16,8561.09,8578.89,22784553
2022-07-04,8632.98,8632.98,8465.89,8589.02,26760589
2022-07-05,8662.45,8662.45,8304.74,8361.08,27644626
2022-07-06,8421.53,8499.02,8327.19,8416.18,37409504
2022-07-07,8497.78,8707.46,8492.07,8686.24,27747541
2022-07-08,8655.21,8830.86,8640.42,8820.14,31102293
2022-07-11,8678.7,8769.85,8654.54,8736.99,41945960
2022-07-12,8670.47,8680.51,8479.63,8479.63,36461360
2022-07-13,8515.76,8534.84,8380.26,8440.14,27254807
2022-07-14,8449.46,8470.49,8197.73,8255.69,32403200
2022-07-15,8286.97,8354.83,8231.87,8287.6,22294198
2022-07-18,8403.26,8513.22,8403.26,8510.24,22915896
2022-07-19,8461.18,8565.86,8413.51,8556.91,24538505
2022-07-20,8641.41,8664.46,8557.55,8639.6,31504860
2022-07-21,8644.46,8667.25,8502.83,8587.03,29310069
2022-07-22,8618.12,8738.52,8611.04,8701.31,27638601
2022-07-25,8657.14,8734.19,8620.35,8631.74,24889325
2022-07-26,8643.87,8651.08,8458.29,8489.62,30169008
2022-07-27,8546.02,8555.17,8378.84,8465.45,34091496
2022-07-28,8548.14,8594.09,8476.31,8535.93,51482484
2022-07-29,8624.17,8830.15,8623.89,8830.15,45747603
2022-08-01,8834.65,8889.32,8790.62,8881.14,23721772
2022-08-02,8824.6,8848.75,8764.58,8777.54,29238476
2022-08-03,8785.61,8820.59,8702.14,8782.03,34532411
2022-08-04,8788.91,8817.34,8677.8,8704.64,33024391
2022-08-05,8763.86,8799.13,8571.18,8609.07,26594526
2022-08-08,8676.19,8817.14,8616.78,8817.14,21390957
2022-08-09,8819.36,8871.63,8763.31,8770.87,24402625
2022-08-10,8732.33,8840.36,8668.27,8815.72,26361291
2022-08-11,8888.73,8963.59,8802.66,8963.59,21459631
2022-08-12,8945.9,9025.73,8929.61,9011.14,20001491
2022-08-16,9043.03,9159.52,9004.27,9040.99,25829767
2022-08-17,9051.59,9052.45,8789.36,8799.92,28021257
2022-08-18,8774.6,8884.53,8761.26,8873.01,26850548
2022-08-19,8798.63,8855.51,8723.63,8734.09,29401502
2022-08-22,8665.49,8698.07,8512.55,8558.65,26371978
2022-08-23,8522.29,8656.31,8516.26,8606.6,41049408
2022-08-24,8562.54,8598.97,8420.06,8445.72,28815980
2022-08-25,8521.55,8599.92,8466.88,8511,39704115
2022-08-26,8521.91,8538.96,8344.26,8376.06,40697631
2022-08-29,8236.12,8251.16,8144.02,8202.2,33127774
2022-08-30,8247.45,8269.77,8022.9,8022.9,32792306
2022-08-31,8058.5,8091.06,7936.88,8023.25,57909299
2022-09-01,7932.27,7949.38,7734.02,7734.02,41656904
2022-09-02,7809.15,7947.18,7756.3,7947.18,45257027
2022-09-05,7855.75,7943.78,7837.5,7890.43,23456083
2022-09-06,7907.45,7954.08,7681.74,7721.78,31971162
2022-09-07,7664.84,7813.35,7622.79,7804,35987187
2022-09-08,7896.11,7933.72,7787.9,7854.46,32514387
2022-09-09,7951.95,8138.93,7938.31,8138.93,32654240
2022-09-12,8194.14,8252.04,8066.85,8252.04,30064246
2022-09-13,8304.36,8311.23,8027.65,8041.94,28170553
2022-09-14,7987.62,8099.59,7987.62,8083.59,27103232
2022-09-15,8087.49,8187.18,8067.41,8137.45,31215303
2022-09-16,8090.53,8093.01,7859.85,7913.22,84395708
2022-09-19,7926.51,8048.76,7916,8048.76,24281034
2022-09-20,8097.6,8138.36,7899.58,7906.4,23062113
2022-09-21,7860.37,7960.05,7843.58,7936.44,23332879
2022-09-22,7834.41,8020.74,7833.18,7987.66,21830323
2022-09-23,7979.97,7979.97,7682.66,7704.31,26025093
2022-09-26,7581.53,7675.38,7473.48,7581.52,45428266
2022-09-27,7661.28,7763.53,7646.43,7703.48,31069074
2022-09-28,7599.63,7644,7474.84,7635.42,34935462
2022-09-29,7673.56,7680.3,7320,7342.23,34990697
2022-09-30,7400.27,7412.63,7281.04,7347.48,37232839
2022-10-03,7325.12,7403.82,7178.65,7403.37,28101059
2022-10-04,7529.43,7719.82,7509.26,7719.82,34497263
2022-10-05,7716.25,7716.25,7550.34,7552.21,23145390
2022-10-06,7621.16,7699.3,7521.78,7564.97,25223023
2022-10-07,7515.45,7576.06,7471.4,7501.19,24400369
2022-10-10,7430.75,7460.45,7364.54,7367.57,28040874
2022-10-11,7336.74,7496.49,7288.15,7403.44,29584176
2022-10-12,7441.91,7441.91,7346.16,7382.29,35810957
2022-10-13,7366.88,7402.69,7191.79,7293.82,40879510
2022-10-14,7490.47,7533.05,7409.63,7473.19,36163173
2022-10-17,7468.65,7571.57,7410.3,7555.03,22379084
2022-10-18,7603.49,7694.96,7575.64,7640.5,40129941
2022-10-19,7642.72,7642.72,7482.11,7492.06,30297877
2022-10-20,7484.12,7650.11,7433.27,7636,41943351
2022-10-21,7575.84,7638.17,7482.42,7555.53,26567814
2022-10-24,7643.61,7716.83,7565.85,7662.36,32009925
2022-10-25,7702.01,7750.04,7612.99,7716.23,38322013
2022-10-26,7718.9,7930.42,7718.37,7930.42,35850209
2022-10-27,7914.51,8016.9,7872.14,8015.28,39861972
2022-10-28,7930.19,8072.82,7888.77,8036.15,55207135
2022-10-31,8058.73,8198.12,8038.88,8198.12,32477630
2022-11-02,8265.9,8356.25,8248.95,8347.13,44763800
2022-11-03,8193.65,8267.86,8173.82,8260.26,31240743
2022-11-04,8328.02,8502.39,8326.24,8476.5,39809059
2022-11-07,8496.94,8655.6,8485.82,8566.35,52822954
2022-11-08,8548.39,8667.46,8490.05,8667.46,33600130
2022-11-09,8664.78,8742.9,8639.51,8669.6,32371105
2022-11-10,8607.07,8887.84,8540.42,8872.83,44153764
2022-11-14,8969.74,9207.29,8969.74,9126.3,59367958
2022-11-15,9197.12,9300.79,9048.79,9240.26,47085089.841118
2022-11-16,9111.73,9198.46,9046.92,9099.2,42042458
2022-11-17,9121.25,9133.5,8880.94,8946.39,35375054
2022-11-18,8964.52,9047.86,8862.96,8964.05,31173367
2022-11-21,8953.55,8962.02,8840.14,8848.79,30798837
2022-11-22,8857.78,9053.71,8821.46,9000.45,31182458
2022-11-23,9052.71,9092.4,8957.98,8988.1,31692203
2022-11-24,9068.52,9182.48,9035.75,9182.48,29994062
2022-11-25,9145.03,9241.61,9110.41,9209.28,24112882
2022-11-28,9163.04,9183.75,9089.88,9101.49,27058069
2022-11-29,9155.32,9162.6,9041.5,9123.77,39032727
2022-11-30,9165.79,9231.63,9084.14,9131.77,140223628
2022-12-01,9242.95,9263.87,9163.9,9263.87,47293035
2022-12-02,9219.79,9224.22,9114.81,9145.95,35535223
2022-12-05,9194.72,9284.78,9162.97,9182.26,21515870
2022-12-06,9129.24,9145.94,9059.49,9089.47,23494021
2022-12-07,9041.16,9118.16,9035.41,9098.87,20348661
2022-12-08,9084.8,9094.89,9002.18,9046.8,21227743
2022-12-09,9085.11,9095.08,9015.71,9073.43,25079403
2022-12-12,9038.34,9207.67,9002.71,9194.51,19572779
2022-12-13,9203.31,9426.43,9138.48,9347.65,29683824
2022-12-14,9330.61,9387.13,9327.31,9363.08,21938025
2022-12-15,9307.68,9317.46,9140.79,9185.16,30551127
2022-12-16,9120.55,9179.93,9041.65,9113.26,57454531
2022-12-19,9115.32,9177.61,9099.03,9129.87,20238498
2022-12-20,9054.69,9234.51,9048.02,9234.51,19480240
2022-12-21,9241.4,9356.94,9200.65,9356.94,20700535
2022-12-22,9365.85,9403.3,9308.92,9332.25,17200081
2022-12-23,9318.16,9340.06,9281.3,9325.53,13153777
2022-12-27,9376.03,9380.51,9227.04,9246.54,13574667
2022-12-28,9228.72,9289.12,9209.42,9256.54,18716267
2022-12-29,9259.24,9426.64,9238.68,9426.64,14639571
2022-12-30,9386.22,9406.61,9355.96,9392.51,15700791
2023-01-02,9406.75,9496.13,9375.78,9405.24,11128825
2023-01-03,9431.02,9653.15,9413.3,9605.94,35798360
2023-01-04,9631.15,9782.85,9617.48,9777.78,31878360
2023-01-05,9743.3,9942.4,9740.5,9800.08,40494131
2023-01-09,9938.17,10058.73,9916.2,10058.73,45872982
2023-01-10,9985.44,10189.6,9962.32,10176.88,35059981
2023-01-11,10189.68,10252.23,10029,10035.54,41192360
2023-01-12,10077.55,10202.55,10054.71,10109.86,45718593
2023-01-13,10123.77,10149.83,10004.35,10063.93,23605001
2023-01-16,10075.51,10151.41,9968.71,10114.44,23998375
2023-01-17,10100.92,10109.44,9938.34,9958.24,26342726
2023-01-18,9979.79,10049.01,9900.66,9972.68,41748361
2023-01-19,9876.22,9927.02,9768.4,9874.05,39626857
2023-01-20,9927.04,9929.28,9837.49,9907.03,26982653
2023-01-23,9978.91,10064.75,9943.46,10044.38,30006126
2023-01-24,10100.08,10147.67,9990.79,10011.11,31344045
2023-01-25,9915.34,9926.91,9802.71,9830.65,31500890
2023-01-26,9944.9,9989.47,9856.23,9951.42,23862535
2023-01-27,9972.15,10014.23,9938.84,9949.41,24498353
2023-01-30,9898.84,9903.2,9801.15,9826.51,22111933
2023-01-31,9795.65,9976.7,9777.23,9960.41,37217941
2023-02-01,9958.65,9998.96,9832.11,9832.11,38360434
2023-02-02,9973.7,10048.54,9883.41,9993.12,35963841
2023-02-03,9978.18,10066.73,9961.1,10021.68,26935351
2023-02-06,9987.52,9995.35,9813.08,9816.52,22692568
2023-02-07,9860.54,9866.9,9784.76,9838.18,19385169
2023-02-08,9923.57,9964.3,9892.65,9916,18945507
2023-02-09,9963.88,10066.72,9952.17,9990.55,18091901
2023-02-10,9924.37,9941.86,9705.92,9749.93,29348653
2023-02-13,9813.99,9814.81,9709.51,9772.95,20537090
2023-02-14,9810.3,9844.67,9730.24,9772.69,19538145
2023-02-15,9749.66,9863.2,9738.43,9858.47,15739805
2023-02-16,9907.6,9934.26,9733.04,9858.36,32359143
2023-02-17,9782.41,9857.99,9757.66,9822.26,18854316
2023-02-20,9843.44,9843.44,9742.12,9771.75,13071858
2023-02-21,9738.1,9762.4,9583.19,9640.85,19595559
2023-02-22,9615.97,9619.03,9459.61,9508.6,26030937
2023-02-23,9535.98,9651.6,9531.68,9643.57,19285358
2023-02-24,9647.41,9686.63,9552.3,9577.74,17097377
2023-02-27,9606.55,9672.25,9567.73,9637.09,13347863
2023-02-28,9605.65,9764.85,9590.83,9764.85,33815178
2023-03-01,9791.92,9861.52,9769.66,9815.28,23620159
2023-03-02,9770.89,9770.89,9610.32,9627.27,26903963
2023-03-03,9672.87,9754.77,9650.22,9753.11,21028206
2023-03-06,9813.72,9973.06,9799.37,9944.51,22627787
2023-03-07,9925.17,10001.56,9869.18,9873.19,23206621
2023-03-08,9842.41,9935.45,9823.55,9912.05,23949264
2023-03-09,9909.07,9909.07,9824.21,9828.27,20649990
2023-03-10,9667.37,9689.1,9570.25,9637.47,28531140
2023-03-13,9687.3,9687.3,9312.82,9408.86,34314488
2023-03-14,9417.69,9496.08,9345.02,9434.66,26166664
2023-03-15,9445.14,9496.37,9166.45,9186.95,32126116
2023-03-16,9271.94,9287.18,9014.07,9203.76,38672239
2023-03-17,9278.73,9308.68,9025.65,9073.78,56672535
2023-03-20,8956.02,9110.55,8822.68,9096.17,29110699
2023-03-21,9165.07,9260.2,9143.98,9230.11,31344744
2023-03-22,9221.05,9295.72,9163.66,9166.59,22960752
2023-03-23,9153.12,9204.71,9052.12,9171.9,17695437
2023-03-24,9141.78,9141.78,8969.01,9006.12,23979633
2023-03-27,9078.5,9121.38,8991.82,9084.91,15885671
2023-03-28,9154.07,9218.27,9089.98,9123.13,24595592
2023-03-29,9193.47,9206.76,9094.12,9192.97,27380962
2023-03-30,9247.7,9461.35,9247.7,9461.35,39044833
2023-03-31,9519.39,9523.91,9429.07,9444.11,27289732
2023-04-03,9478.36,9617.03,9467.93,9513.92,24617102
2023-04-04,9558.93,9611.07,9490.97,9510.01,17871068
2023-04-05,9521.43,9521.43,9410.59,9426.6,20803779
2023-04-06,9445.16,9468.21,9391.21,9416.92,12359159
2023-04-11,9474.44,9569.64,9430.94,9562.98,25907847
2023-04-12,9545.24,9716.75,9512.3,9700.89,30172245
2023-04-13,9684.17,9842.16,9674.1,9816.51,33471681
2023-04-14,9865.47,9925.08,9833.47,9870.58,30372235
2023-04-17,9906.27,9945.72,9888.07,9929.13,23999360
2023-04-18,9947.52,10153.84,9923.93,10084.89,24965661
2023-04-19,10051.27,10101.31,9968.02,10079.51,20817160
2023-04-20,10076.53,10220.24,10076.53,10143.72,27695857
2023-04-21,10064.06,10107.34,10010.51,10084,20795550
2023-04-24,10062.36,10165.11,10014.64,10130.84,17190409
2023-04-25,10106.84,10135.28,10020.08,10035.73,20805921
2023-04-26,10011.85,10074.4,9925.8,10003.83,23892620
2023-04-27,10039.94,10314.35,10039.94,10300.86,22850526
2023-04-28,10338.46,10339.47,10169.28,10191.28,23615778
2023-05-02,10214.42,10336.67,10173.01,10173.01,21319099
2023-05-04,10179.72,10238.44,9992.96,10007.62,29202404
2023-05-05,10058.79,10165.79,10025.79,10155.55,19155778
2023-05-08,10191.59,10298.75,10171.4,10225.34,21945943
2023-05-09,10210.36,10237.73,10145.53,10234.34,18790176
2023-05-10,10265.94,10393.28,10198.65,10295.96,35297811
2023-05-11,10307.45,10358.06,10211.38,10230.26,27410610
2023-05-12,10260.79,10371.98,10228.82,10315.47,31950200
2023-05-15,10371.2,10406.26,10276.99,10314.82,26266678
2023-05-16,10290.64,10402.86,10271.47,10357.03,19788541
2023-05-17,10326.51,10353.85,10267.91,10287.53,27104058
2023-05-18,10365.07,10396.26,10293.84,10317.99,23500039
2023-05-19,10371.64,10568.32,10361.08,10564.68,26849209
2023-05-22,10574.03,10689.02,10549.83,10658.64,28885361
2023-05-23,10661.43,10760.36,10641.1,10661.23,21373301
2023-05-24,10589.41,10607.01,10401.71,10413.12,26452134
2023-05-25,10443.83,10443.83,10294.89,10339.71,25276990
2023-05-26,10356.63,10547.37,10329.91,10536.7,20834438
2023-05-29,10590.31,10590.31,10507.73,10522.27,10630006
2023-05-30,10480.78,10480.78,10365.68,10369.93,21657734
2023-05-31,10284.07,10284.07,10084.49,10117.81,65076201
2023-06-01,10185.72,10365.84,10154.65,10353.35,21261155
2023-06-02,10457.57,10710.53,10448.94,10710.53,28330124
2023-06-05,10753.73,10872.4,10675.42,10716.8,23493266
2023-06-06,10724.64,10897.72,10707.12,10870.99,35958848
2023-06-07,10859.15,10872.43,10731.93,10777.37,23860789
2023-06-09,10855.76,10904.35,10805,10849.55,22495605
2023-06-12,10857.55,10928.78,10798.03,10819.78,21564172
2023-06-13,10875.46,10875.46,10682.35,10687.07,35932206
2023-06-14,10715.91,10962.49,10709.77,10943.3,45552179
2023-06-15,10933.05,11053.92,10853.09,11048.98,38947001
2023-06-16,11082.09,11210.86,11065.32,11105.54,77379776
2023-06-19,11076.01,11166.32,11011.71,11013.56,22190935
2023-06-20,11002.87,11041.26,10918.62,10930.19,18854929
2023-06-21,10946.51,11025.92,10912.58,10974.66,19943444
2023-06-22,10961.14,11050.03,10891.69,10997.65,17176904
2023-06-23,10950.24,10986.18,10804.27,10807.39,18692904
2023-06-26,10850.43,11012.41,10769.38,10973.69,16840897
2023-06-27,11016.23,11043.87,10779.21,10847.57,20127751
2023-06-28,10929.53,10988.42,10818.64,10893.16,21819285.001758
2023-06-29,10918.09,11005.44,10901.93,10987.11,22182330
2023-06-30,11021.14,11027.53,10899.68,10987.8,21537812
2023-07-03,11029.6,11118.12,11002.41,11104.7,19805049
2023-07-04,11117.29,11117.29,11009.95,11012.76,16814261.877601
2023-07-05,10988.33,10991.55,10819.95,10825.9,22757731
2023-07-06,10757.67,10872.53,10697.05,10827.21,28396378
2023-07-07,10842.7,10975.1,10837.27,10971.37,22817460
2023-07-10,10922.14,11027.26,10897.33,11022.67,13881410
2023-07-11,11103.64,11111.39,11039.86,11093.87,19279723
2023-07-12,11129.13,11414.69,11125.55,11414.69,26099403
2023-07-13,11418.13,11484.6,11384.64,11414.69,23545698
2023-07-14,11393.11,11563.67,11383.96,11502.98,19610593
2023-07-17,11478.84,11622.92,11476.08,11570.74,73253738
2023-07-18,11592.9,11697.5,11553.44,11697.5,35473408
2023-07-19,11732.47,11775.19,11689.99,11729.53,28367433
2023-07-20,11693.91,11757.79,11658.99,11686.18,22220666.251852
2023-07-21,11697.8,11699.7,11603.11,11672.23,20363385
2023-07-24,11688.9,11778.45,11688.9,11748.21,19546124
2023-07-25,11767.5,11817.74,11717.27,11787.88,18951062
2023-07-26,11806.96,11820.83,11659.98,11690.67,14952073
2023-07-27,11737.3,11832.91,11717.91,11804,22712773
2023-07-28,11771.78,11818.48,11731.53,11799.18,18715237
2023-07-31,11826.68,11887.4,11795.43,11854.17,28152035
2023-08-01,11856.72,11856.72,11757.84,11817.81,20694595
2023-08-02,11702.1,11711.23,11586.9,11586.9,21687172
2023-08-03,11574.47,11589.94,11490.47,11579.69,18283907
2023-08-04,11673.18,11728.51,11648.74,11714.88,14713314
2023-08-07,11688.5,11695.55,11582.46,11608.01,17435059
2023-08-08,11550.68,11553.6,11383.24,11413.78,21947469
2023-08-09,11514.87,11559.37,11416.52,11456.6,27202314
2023-08-10,11487.58,11664.14,11487.58,11609.62,26342179
2023-08-11,11554.43,11576.93,11463.06,11537.86,18564368
2023-08-14,11465.97,11542.43,11440.79,11469.53,14467223
2023-08-16,11403.93,11414.8,11222.5,11243.86,29548800
2023-08-17,11236.76,11287.84,11080.73,11137.74,19651828
2023-08-18,11086.26,11133.67,11032.33,11122.7,22450202
2023-08-21,11134.11,11199.82,11101.26,11166.11,21292868
2023-08-22,11212.4,11237.75,11121.22,11139.12,24076610
2023-08-23,11161.04,11183.49,11035.27,11135.43,22626114.511415
2023-08-24,11199.86,11255.49,11113.95,11124.14,16479956
2023-08-25,11020.12,11148.96,11013.05,11068,23019870
2023-08-28,11136.3,11256.5,11075.91,11245.51,20783091
2023-08-29,11266.93,11314.15,11208.69,11261.42,28537337
2023-08-30,11282.6,11324.31,11237.46,11301.48,12822198
2023-08-31,11300.91,11332.13,11190.12,11202.75,39278922
2023-09-01,11203.53,11324.71,11186.69,11306.67,27073175
2023-09-04,11321.64,11367.01,11184.54,11189.86,26797591
2023-09-05,11185.41,11269.59,11084.11,11099.38,21603289
2023-09-06,11092.98,11121.96,10838.1,10921.14,44668546
2023-09-07,10869.82,10937.01,10691.9,10770.68,31060579
2023-09-08,10836.09,10890,10781.49,10884.63,21116160
2023-09-11,10966.91,10985.71,10821.18,10865.2,20340912
2023-09-12,10891.87,10900.83,10809.89,10877.78,25937052
2023-09-13,10863.52,10909.9,10822.14,10896.01,25823070
2023-09-14,10945.29,10978.84,10884.08,10978.84,25180287
2023-09-15,11015.78,11077.22,10995.49,10997.65,54383809
2023-09-18,10997.67,11031.86,10831.1,10839.83,21765863
2023-09-19,10884.28,10891.45,10749.11,10784.13,22041354
2023-09-20,10814.43,11015.48,10809.05,10999.32,25176940
2023-09-21,10915.29,10915.29,10795.83,10862.64,17887684
2023-09-22,10859.44,10897.21,10798.9,10858.05,21036346
2023-09-25,10844.13,10906.15,10703.39,10735.21,20108642
2023-09-26,10705.35,10780.66,10607.53,10743.35,19815156
2023-09-27,10729.32,10754.15,10579.31,10579.31,17495024
2023-09-28,10585.67,10585.67,10433.65,10491.06,37444623
2023-09-29,10559.18,10715.17,10558.24,10659.09,28975060
2023-10-02,10668.6,10670.23,10442.52,10445.18,22389668
2023-10-03,10409.64,10471.2,10345.36,10385.54,30288140
2023-10-04,10304.92,10576.44,10285.36,10484.95,30277763
2023-10-05,10545.8,10554.05,10402.65,10402.65,26109533
2023-10-06,10377.05,10526.78,10345.41,10431.83,46025777
2023-10-09,10398.45,10666.08,10352.73,10618.02,30178026
2023-10-10,10702.86,10916.2,10691.8,10880.23,37216416
2023-10-11,10901.38,11027.87,10867.88,10962.09,49238963
2023-10-12,10991.01,11003.12,10869.28,10892.62,47246256
2023-10-13,10865.27,11015.24,10855.11,10952.03,43231080
2023-10-16,11216.82,11555.03,11172.68,11461.83,79321933
2023-10-17,11455.74,11820.91,11455.74,11697.31,59355439
2023-10-18,11636.8,11757.41,11551.44,11553.15,48495065
2023-10-19,11473.18,11492.02,11316.36,11332.66,34536480
2023-10-20,11240.53,11301.42,11144.23,11188.13,29185237
2023-10-23,11205.96,11235.48,11130.85,11152.66,28839547
2023-10-24,11239.46,11429.37,11239.46,11352.01,38023303
2023-10-25,11403,11586.19,11347.42,11543.5,32889291
2023-10-26,11396.15,11681.28,11359.32,11651.74,28301878
2023-10-27,11672.26,11704.26,11543.98,11554.61,22854278
2023-10-30,11618.98,11728.8,11603.49,11696.24,21852581
2023-10-31,11690.68,11887.38,11680.61,11792.7,33452460
2023-11-02,11929.87,11938.66,11759.11,11837.39,33596380
2023-11-03,11858.36,11993.19,11830.96,11949.92,27432774
2023-11-06,12001.45,12087.67,11954.81,12010.91,24020298
2023-11-07,11936.53,12027.48,11860.68,11925.36,23116981
2023-11-08,11903.78,11939.56,11759.01,11799.43,21829631
2023-11-09,11828.89,11970.86,11757.26,11970.86,27823007
2023-11-10,11934.41,11961.5,11786.99,11817.35,19851691
2023-11-13,11860.96,11924.81,11751.02,11755.28,25995743
2023-11-14,11807.26,12318.35,11790.54,12292.08,34551302
2023-11-15,12351.04,12433.24,12178.08,12201.11,36862975
2023-11-16,12219.7,12312.23,12164.76,12215.61,39026406
2023-11-17,12208.63,12286.15,12162.34,12279.1,24746716
2023-11-20,12297.54,12483.2,12274.2,12400.78,30564325
2023-11-21,12407.06,12488,12297.48,12379.39,24416144
2023-11-22,12383.72,12402.02,12323.01,12397.26,19576620
2023-11-23,12397.28,12459.99,12326.64,12346.85,17780495
2023-11-24,12356.96,12395.27,12305.43,12336.64,29167053
2023-11-27,12364.85,12364.85,12160.75,12233.49,26866865
2023-11-28,12227.46,12428.06,12224.76,12420.05,30095752
2023-11-29,12404.41,12404.41,12260.94,12344.87,48480327
2023-11-30,12336.97,12411.76,12307.49,12307.49,53715859
2023-12-01,12350.99,12660.65,12316.69,12657.22,31278680
2023-12-04,12648.8,12757.49,12622.97,12662.69,21252694
2023-12-05,12666.17,12853.75,12628.28,12766.35,28093719
2023-12-06,12803.8,12903.73,12761.48,12807.91,27764292
2023-12-07,12757.02,12757.02,12599.09,12694.21,22857919
2023-12-08,12749.15,12842.25,12749.15,12794.2,20058925
2023-12-11,12856.44,12908.33,12790.92,12835.72,20354720
2023-12-12,12898.82,12898.82,12700.17,12737.47,29506397
2023-12-13,12717.29,12802.53,12691.4,12755.97,23624743
2023-12-14,12875.98,12899.4,12803.3,12825.38,32399949
2023-12-15,12845.33,13113.22,12807.94,12864.26,83184900
2023-12-18,12880.92,12971.23,12858.85,12955.74,24765889
2023-12-19,12960.21,13144.54,12938.06,13071.29,27040759
2023-12-20,13096.94,13200.03,13016.58,13040.36,23810010
2023-12-21,12998.04,13087.8,12981.13,13065.48,24866473
2023-12-22,13036.14,13075.22,13003.54,13048.01,15991832
2023-12-27,13089.32,13175.69,13065.56,13134.57,24942163
2023-12-28,13168.34,13186.15,13065.22,13065.22,18299213
2023-12-29,13069.5,13099.61,12925.45,12976.73,19118746
2024-01-02,13010.96,13032.59,12696.59,12780.51,21628752
2024-01-03,12789.72,12789.72,12559.89,12715.58,29319689
2024-01-04,12696.82,12725.67,12575.5,12671.89,24799690
2024-01-05,12604.65,12643.12,12393.14,12629.15,23538567
2024-01-08,12564.41,12702.96,12456.78,12684.94,22049405
2024-01-09,12747.08,12764.15,12650.91,12745.05,22656537
2024-01-10,12730.31,12800.81,12643.19,12670.13,20558405
2024-01-11,12699.27,12744.79,12511.48,12521.26,27679162
2024-01-12,12557.47,12650.03,12502.67,12549.61,22981875
2024-01-15,12575.96,12575.96,12317.91,12369.16,18322676
2024-01-16,12302.25,12353.5,12225.1,12335.19,18128401
2024-01-17,12261.92,12261.92,12087.93,12104.34,31443286
2024-01-18,12184.53,12257.3,12125.86,12237.47,23672836
2024-01-19,12313.9,12355.74,12247.07,12298.04,26338702
2024-01-22,12397.64,12416.03,12272.86,12329.31,20621726
2024-01-23,12383.63,12383.63,12175.21,12265.97,19084031
2024-01-24,12342.74,12453.72,12292.4,12390.6,24113719
2024-01-25,12389.78,12412.24,12316.61,12371.46,18991386
2024-01-26,12316.85,12455.68,12307.3,12449.85,21053342
2024-01-29,12428.64,12442.9,12358.68,12378.41,16515674
2024-01-30,12398.06,12531.54,12376.28,12509.4,21880708
2024-01-31,12511.49,12766.17,12509.87,12745.35,27314305
2024-02-01,12668.9,13001.53,12668.9,12920.64,33084223
2024-02-02,12987.35,13208.41,12987.35,13113.68,31920755
2024-02-05,13186.73,13262.99,12992.13,13009.73,29004983
2024-02-06,13070.91,13164.15,12978.19,13045.4,24107863
2024-02-07,13056.8,13133.31,13017.59,13105.16,17133742
2024-02-08,13120.6,13140.75,12931.14,12967.87,17406525
2024-02-09,13002.67,13002.67,12890.19,12922.58,16004440
2024-02-12,12977.93,13141.16,12896.13,13106.16,22605885
2024-02-13,13122.16,13122.16,12799.08,12861.64,32191583
2024-02-14,12872,13115.16,12861.2,13115.16,21113083
2024-02-15,13124.68,13184.51,13021.48,13109.98,25180787
2024-02-16,13192.09,13335.77,13175.59,13251.65,20797107
2024-02-19,13244.69,13390.68,13244.69,13374.53,15600630
2024-02-20,13358.61,13575.57,13339.57,13543.99,25611571
2024-02-21,13566.68,13635.72,13469.04,13479.08,25753181
2024-02-22,13644.18,13691.23,13591.47,13669.21,31188480
2024-02-23,13708.85,13889.92,13686.68,13807.23,31395547
2024-02-26,13817.08,13839.35,13758.91,13783.78,22412432
2024-02-27,13788.78,13916.62,13719.45,13772.93,25939667
2024-02-28,13771.94,13771.94,13510.96,13539.16,28043552
2024-02-29,13611.83,13713.93,13548.83,13593.74,67836386
2024-03-01,13686.35,13704.79,13511.5,13619.65,24590463
2024-03-04,13695.18,13713.32,13443.7,13448.33,29630711
2024-03-05,13384.29,13437.59,13297.13,13329.45,30615888
2024-03-06,13355.55,13424.55,13302.07,13359.01,23740074
2024-03-07,13277.25,13277.25,13131.52,13229.97,25123983
2024-03-08,13276.13,13314.41,13096.27,13294.28,26299852
2024-03-11,13236.91,13330.19,13207.58,13330.19,21332665
2024-03-12,13377.79,13620.54,13322.02,13601.92,28261581
2024-03-13,13608.84,13686.49,13520.14,13554.66,26570188
2024-03-14,13584.03,13649.85,13509.45,13565.38,34077934
2024-03-15,13568.61,13605.05,13083.48,13312.06,87843350
2024-03-18,13366.86,13394.11,13177.93,13269.76,25421219
2024-03-19,13252.65,13301.52,12985.95,13204.78,27068246
2024-03-20,13210.05,13258.41,13079.37,13206.02,21028479
2024-03-21,13412.71,13603.38,13384.75,13603.38,25358246
2024-03-22,13527.52,13649.25,13452.51,13462.61,21425828
2024-03-25,13437.77,13487.34,13304.11,13310.3,19477997
2024-03-26,13355.52,13557.41,13262.58,13522.27,24216209
2024-03-27,13525.1,13583.58,13490.25,13567.06,19275673
2024-03-28,13597.73,13781.34,13597.73,13764,27370101
2024-04-02,13839.09,13982.19,13739.16,13787.99,36594172
2024-04-03,13815.72,13883.39,13702.39,13769.78,25669256
2024-04-04,13836.61,13961.64,13770.36,13945.86,26131358
2024-04-05,13810.22,13916.85,13770.37,13913.55,29874317
2024-04-08,13961.57,14112.66,13953.23,14092.85,25375167
2024-04-09,14133.24,14177.94,13858.45,13887.63,35315288
2024-04-10,14015.78,14072.15,13889.92,14005.66,57223027
2024-04-11,14029.13,14044.69,13845.5,13845.58,47024899
2024-04-12,13970.24,14023.19,13731.54,13731.55,30543037
2024-04-15,13850.57,13905.27,13765.83,13791.18,29708326
2024-04-16,13649.27,13693.85,13425.62,13473.14,36979558
2024-04-17,13530.65,13731.43,13508.44,13664.39,41812412
2024-04-18,13753.99,13816.41,13588.66,13811.17,37257507
2024-04-19,13719.23,13815.8,13685.98,13805.15,40146458
2024-04-22,13877.8,14051.61,13866.95,14037.83,37125666.901374
2024-04-23,14115.06,14215.78,14029.16,14111.58,33368387
2024-04-24,14183.28,14188.63,13982.56,13992.91,34084289
2024-04-25,14017.45,14026.51,13811.04,13882.19,29199144
2024-04-26,14004.28,14070.32,13954.08,14031.43,31741211
2024-04-29,14091.34,14207.94,13957.63,14204.56,31766401
2024-04-30,14222.68,14222.68,14035,14073.97,29839175
2024-05-02,14129.56,14175.77,14014.04,14043.51,21385841
2024-05-06,14177.89,14459.84,14091.71,14429.15,42939614
2024-05-07,14430.15,14536.68,14377.94,14403.67,60116545
2024-05-08,14429.21,14464.01,14343.41,14464.01,35261138
2024-05-09,14547.28,14600.3,14508.36,14557.1,44063104
2024-05-10,14604.83,14641.79,14369.97,14383.39,57741553
2024-05-13,14444.69,14556.06,14393.56,14538.61,40987307
2024-05-14,14563.43,14622.43,14459.58,14605.04,53158708
2024-05-15,14632.19,14661.49,14542.51,14656.26,41472423
2024-05-16,14712.82,14765.75,14653.73,14684.49,33218085
2024-05-17,14663.85,14738.31,14556.01,14727.95,29661594
2024-05-20,14809.99,14877.09,14757.38,14824.29,46536939
2024-05-21,14760.5,14799.02,14640.76,14693.11,31230060
2024-05-22,14651.18,14666.85,14573.27,14625.19,30981462
2024-05-23,14611.43,14750.62,14541.9,14625.55,43677662
2024-05-24,14583.84,14591.75,14486.17,14571.6,35818905
2024-05-27,14630.42,14682.93,14553.32,14572.97,24765480.927021
2024-05-28,14653.09,14653.09,14417.68,14455.24,25835609
2024-05-29,14450.44,14450.44,14212.92,14234.02,37312639
2024-05-31,14226.31,14433.71,14189.72,14345.45,79639101
2024-06-03,14520.83,14541.02,14422.37,14437.39,24583043
2024-06-04,14420.31,14421,14097.27,14097.81,26216625
2024-06-05,14161.03,14183.35,14079.22,14175.83,20975915
2024-06-06,14254.79,14275.79,14113.45,14243.61,18562401
2024-06-07,14268.99,14268.99,14023.07,14089.52,20616247
2024-06-10,14036.13,14073.8,13947.61,14073.8,16746965
2024-06-11,14113.76,14113.76,13900.06,13902.67,20473615
2024-06-12,13983.69,14155.74,13938.93,14121.49,23699004
2024-06-13,14108.65,14109.89,13850.86,13867.06,19373929
2024-06-14,13913.17,13918.11,13739.18,13890.08,24482899
2024-06-17,13913.47,14151.86,13902.51,14145.69,23805092
2024-06-18,14221.71,14313.08,14128.71,14135.9,25292290
2024-06-19,14173.49,14357.77,14144.13,14331.2,20287789
2024-06-20,14368.79,14466.97,14268.46,14355.08,23024661
2024-06-21,14358.51,14423.52,14281.39,14321.6,48817692
2024-06-24,14353.08,14631.2,14309.22,14595.69,20122679
2024-06-25,14585.71,14708,14546.18,14602.16,23448174.00409
2024-06-26,14679.1,14742.69,14576.07,14579.08,34636044
2024-06-27,14609.38,14707.43,14566.68,14618.05,28742466
2024-06-28,14646.1,14756.66,14646.1,14710.52,24233225
